,date,iv
0,2018-01-02,0.0004772974990482536
1,2018-01-03,0.0005501013902736057
2,2018-01-04,0.000775758178166356
3,2018-01-05,0.0007721922656816095
4,2018-01-08,0.0008683934679356996
5,2018-01-09,0.0007961609583754218
6,2018-01-10,0.0009488458017591578
7,2018-01-11,0.000801908670206091
8,2018-01-12,0.0008538908183138806
9,2018-01-16,0.0010371002606290372
10,2018-01-17,0.0021030285748674556
11,2018-01-18,0.002671762115570181
12,2018-01-19,0.001967545761735502
13,2018-01-22,0.0011663077540918926
14,2018-01-23,0.0013961920621820664
15,2018-01-24,0.0015066959086313017
16,2018-01-25,0.0013295864736775553
17,2018-01-26,0.0005379500782852984
18,2018-01-29,0.001159256641641528
19,2018-01-30,0.0010299806590623073
20,2018-01-31,0.000895039038515768
21,2018-02-01,0.0008058403993393755
22,2018-02-02,0.0007875725807681301
23,2018-02-05,7.367034924144222e-05
24,2018-02-06,0.00048088929414407365
25,2018-02-07,0.0004808164300980736
26,2018-02-08,0.0016258353191767386
27,2018-02-09,0.0016306704129421886
28,2018-02-12,0.004426739847390092
29,2018-02-13,0.004965994463596315
30,2018-02-14,0.37548538837215095
31,2018-02-15,0.39007730056485024
32,2018-02-16,0.008741310208841844
33,2018-02-20,0.01833567092956388
34,2018-02-21,0.0031518355926425205
35,2018-02-22,0.0007436679840707528
36,2018-02-23,0.008929955348486146
37,2018-02-26,0.1662158282968067
38,2018-02-27,0.30567096718732256
39,2018-02-28,0.29129911334510666
40,2018-03-01,0.27326538345120405
41,2018-03-02,0.00613016436044824
42,2018-03-05,0.1729926354948204
43,2018-03-06,0.17387195019127183
44,2018-03-07,0.0009258583165555822
45,2018-03-08,0.0009740998749972216
46,2018-03-09,0.1937229098179673
47,2018-03-12,0.10651170675664987
48,2018-03-13,0.10080870584129317
49,2018-03-14,0.002538788448318707
50,2018-03-15,0.04374662590279527
51,2018-03-16,0.06745940031975073
52,2018-03-19,0.00018805470964748113
53,2018-03-20,0.00018800800403454872
54,2018-03-21,0.006463236479726664
55,2018-03-22,0.006648011907020898
56,2018-03-23,0.0062712685054428985
57,2018-03-26,0.0007649498740458
58,2018-03-27,0.0004127112600203069
59,2018-03-28,0.0025250500096530397
60,2018-03-29,0.0025182754083693747
61,2018-04-02,0.0046655180322162735
62,2018-04-03,0.0037625568299113977
63,2018-04-04,0.0010981814234584187
64,2018-04-05,0.001115375074373928
65,2018-04-06,0.004810438204448761
66,2018-04-09,0.003045659939276797
67,2018-04-10,0.0027769005870477157
68,2018-04-11,0.002863859159983601
69,2018-04-12,0.0025334977088788437
70,2018-04-13,0.0028524498841413434
71,2018-04-16,0.0025606770270467016
72,2018-04-17,0.002576060747311263
73,2018-04-18,0.0037446705913504286
74,2018-04-19,0.002919358581393354
75,2018-04-20,0.002180446791554751
76,2018-04-23,0.0022278471855834204
77,2018-04-24,0.0010017060122266088
78,2018-04-25,0.0024255827168035765
79,2018-04-26,0.0025721117245519017
80,2018-04-27,0.0014297984559239864
81,2018-04-30,0.0025231153032061705
82,2018-05-01,0.0020752354392604444
83,2018-05-02,0.0021701762398939643
84,2018-05-03,0.001926741872719967
85,2018-05-04,0.001312947872383114
86,2018-05-07,0.0008618616084151199
87,2018-05-08,0.0007666752513374721
88,2018-05-09,0.0013429822714951937
89,2018-05-10,0.0012089264696266608
90,2018-05-11,0.0009097034681963143
91,2018-05-14,0.0006687261376724664
92,2018-05-15,0.0008685209356831737
93,2018-05-16,0.1996450861148339
94,2018-05-17,0.19945978288901087
95,2018-05-18,0.0028469441337571942
96,2018-05-21,0.0015676257097968
97,2018-05-22,0.0013768568182748744
98,2018-05-23,0.005553088487508164
99,2018-05-24,0.005212255993105164
100,2018-05-25,0.0005792986930369471
101,2018-05-29,0.00038681892928582677
102,2018-05-30,0.26494795071835736
103,2018-05-31,0.25697259077463785
104,2018-06-01,0.004217567343995543
105,2018-06-04,0.004740002658019276
106,2018-06-05,0.010181248927708636
107,2018-06-06,0.011709901467445124
108,2018-06-07,0.011674154213749214
109,2018-06-08,0.006310707990607994
110,2018-06-11,0.0014733648320324991
111,2018-06-12,0.0014992757825013688
112,2018-06-13,0.0026628687260011603
113,2018-06-14,0.0028073537982562335
114,2018-06-15,0.0008873620702722502
115,2018-06-18,0.0005647353238760836
116,2018-06-19,0.0008846401083052751
117,2018-06-20,0.00380590352067777
118,2018-06-21,0.003656530850388879
119,2018-06-22,0.0009969369900308543
120,2018-06-25,0.0006323748119339049
121,2018-06-26,0.0022059160185363643
122,2018-06-27,0.0008328582660024757
123,2018-06-28,0.0008300691270196798
124,2018-06-29,0.0008358456854521743
125,2018-07-02,0.002436583701386225
126,2018-07-03,0.001978343720560491
127,2018-07-05,0.0007443753495150768
128,2018-07-06,0.0017185755745727088
129,2018-07-09,0.0013670671602894243
130,2018-07-10,0.000603884813445693
131,2018-07-11,0.0007287199371154855
132,2018-07-12,0.0005444421052158369
133,2018-07-13,0.0009659063076876709
134,2018-07-16,0.0009241956363379182
135,2018-07-17,0.0009202971391745342
136,2018-07-18,0.0027857708121060425
137,2018-07-19,0.002096816009112137
138,2018-07-20,0.00030019298719171966
139,2018-07-23,0.0013840372338877948
140,2018-07-24,0.0011640794575462738
141,2018-07-25,0.0006212089172039813
142,2018-07-26,0.0006511882187814159
143,2018-07-27,0.0013683041278355142
144,2018-07-30,0.0014466209576543868
145,2018-07-31,0.001431996861632439
146,2018-08-01,0.0011575195088171105
147,2018-08-02,0.0008531014852699619
148,2018-08-03,0.0006382090272010134
149,2018-08-06,0.0026980274632556604
150,2018-08-07,0.0021709441275238554
151,2018-08-08,0.0011051049977937885
152,2018-08-09,0.0010614657069743301
153,2018-08-10,0.0008100240975344085
154,2018-08-13,0.000493642500402388
155,2018-08-14,0.0005159744475817124
156,2018-08-15,0.0014599106649176307
157,2018-08-16,0.001189906746198491
158,2018-08-17,0.0015220375017041012
159,2018-08-20,0.001120333521371614
160,2018-08-21,0.0012165636230473723
161,2018-08-22,0.17083829200862108
162,2018-08-23,0.16855181097340213
163,2018-08-24,0.0036791132783523988
164,2018-08-27,0.038958488318553704
165,2018-08-28,0.03893631573248699
166,2018-08-29,0.3128734299697528
167,2018-08-30,0.3073674086635023
168,2018-08-31,0.000660381318743912
169,2018-09-04,0.0007137408772051683
170,2018-09-05,0.003286532964359863
171,2018-09-06,0.0033638437134602696
172,2018-09-07,0.002844140859452467
173,2018-09-10,0.0032524215670517395
174,2018-09-11,0.0035205214929567435
175,2018-09-12,0.0015470402452007804
176,2018-09-13,0.0018601134821444223
177,2018-09-14,0.06035696230170299
178,2018-09-17,0.0007101089089792869
179,2018-09-18,0.000984005904085492
180,2018-09-19,0.2123363862246542
181,2018-09-20,0.22019147364427213
182,2018-09-21,0.004160077411791403
183,2018-09-24,0.0009089851705684941
184,2018-09-25,0.0008689209818140262
185,2018-09-26,0.0006019874021786527
186,2018-09-27,0.0006089533072452438
187,2018-09-28,0.0006131185083558281
188,2018-10-01,0.0014292523606179775
189,2018-10-02,0.0015542951174113866
190,2018-10-03,0.0011083010091159863
191,2018-10-04,0.0012987968124624322
192,2018-10-05,0.0007496979732497924
193,2018-10-08,0.0022915984895149916
194,2018-10-09,0.0013151751091246132
195,2018-10-10,0.0007151937071445194
196,2018-10-11,0.0018195995680543987
197,2018-10-12,0.0016897460823694587
198,2018-10-15,0.002541182003913457
199,2018-10-16,0.0019529012186867525
200,2018-10-17,0.003406351974017593
201,2018-10-18,0.0032720668124869784
202,2018-10-19,0.0023795490252271254
203,2018-10-22,0.0017369614774691436
204,2018-10-23,0.0018363212531777944
205,2018-10-24,0.0022306897575851783
206,2018-10-25,0.0006562154772099979
207,2018-10-26,0.0029406758092642435
208,2018-10-29,0.002777751720789541
209,2018-10-30,0.0030833984433918608
210,2018-10-31,0.002972207016828693
211,2018-11-01,0.002218552698914598
212,2018-11-02,0.0018590723240459925
213,2018-11-05,0.001920719387999498
214,2018-11-06,0.0026329752001937605
215,2018-11-07,0.0013510899717339843
216,2018-11-08,0.0012786515967610629
217,2018-11-09,0.0013719245965335995
218,2018-11-12,0.0015326715981507915
219,2018-11-13,0.0017907889703380397
220,2018-11-14,0.0030465936356893824
221,2018-11-15,0.002432014928954945
222,2018-11-16,0.0018194470436109474
223,2018-11-19,0.0021264612227920904
224,2018-11-20,0.001939256646887702
225,2018-11-21,0.23632566182052156
226,2018-11-23,0.04807589567228373
227,2018-11-26,0.0028751191364504484
228,2018-11-27,0.004991221492623034
229,2018-11-28,0.011280581400573798
230,2018-11-29,0.010936647276833697
231,2018-11-30,0.1755440693128335
232,2018-12-03,0.0026448502836411
233,2018-12-04,0.0011156054755934982
234,2018-12-06,0.008224200132567595
235,2018-12-07,0.0051364890664664115
236,2018-12-10,0.005389640505903371
237,2018-12-11,0.005090858061814451
238,2018-12-12,0.006133151959243649
239,2018-12-13,0.005678091209347165
240,2018-12-14,0.003462254627285017
241,2018-12-17,0.0012159263701012218
242,2018-12-18,0.0012892825362993683
243,2018-12-19,0.15309054486392948
244,2018-12-20,0.13711607038251747
245,2018-12-21,0.12204876120637212
246,2018-12-24,0.0044304777099390515
247,2018-12-26,0.005357232059021463
248,2018-12-27,0.006009331446442449
249,2018-12-28,0.005214779127506791
250,2018-12-31,0.0029003054776052632
251,2019-01-02,0.00302162926903152
252,2019-01-03,0.003544552474283501
253,2019-01-04,0.002701159410575879
254,2019-01-07,0.006781855283687003
255,2019-01-08,0.0028597362644532695
256,2019-01-09,0.003053844452631031
257,2019-01-10,0.0031720371895935127
258,2019-01-11,0.001572750855662224
259,2019-01-14,0.0019769506759106563
260,2019-01-15,0.0018462766459496115
261,2019-01-16,0.0045376785166863646
262,2019-01-17,0.0037127561452316286
263,2019-01-18,0.0025874490448185633
264,2019-01-22,0.0018989855702581703
265,2019-01-23,0.0017002268967602125
266,2019-01-24,0.0016418332292845515
267,2019-01-25,0.0015338464058903714
268,2019-01-28,0.0022380573727094556
269,2019-01-29,0.0023389973016232366
270,2019-01-30,0.002697022321255859
271,2019-01-31,0.0017627582606786147
272,2019-02-01,0.0013519771351539346
273,2019-02-04,0.0015428130210282456
274,2019-02-05,0.0019036906882456879
275,2019-02-06,0.001798058678629779
276,2019-02-07,0.0019295163104537658
277,2019-02-08,0.001031440609376295
278,2019-02-11,0.002162294558705699
279,2019-02-12,0.0020950704353120625
280,2019-02-13,0.24237916647635357
281,2019-02-14,0.2403895411574659
282,2019-02-15,0.008139557723072914
283,2019-02-19,0.008793919358283688
284,2019-02-20,0.013090055091243407
285,2019-02-21,0.01248978109759219
286,2019-02-22,0.006371520302238066
287,2019-02-25,0.00668778854275938
288,2019-02-26,0.006852686418904079
289,2019-02-27,0.18624378879195058
290,2019-02-28,0.18380673762107658
291,2019-03-01,0.006289065186915499
292,2019-03-04,0.005727484129607321
293,2019-03-05,0.005993158983123006
294,2019-03-06,0.012170604582381558
295,2019-03-07,0.010777818843203729
296,2019-03-08,0.006322275877247283
297,2019-03-11,0.008443611490937065
298,2019-03-12,0.009085545884413687
299,2019-03-13,0.010229274209413282
300,2019-03-14,0.010292689940331874
301,2019-03-15,0.015161596725656623
302,2019-03-18,0.001114614003223831
303,2019-03-19,0.002126470960162798
304,2019-03-20,0.0035415241093902086
305,2019-03-21,0.0020458039705402303
306,2019-03-22,0.0016610786623331185
307,2019-03-25,0.0015908588173513393
308,2019-03-26,0.0012080595710744467
309,2019-03-27,0.0013462816885301528
310,2019-03-28,0.0017911638708733352
311,2019-03-29,0.0011158492115772374
312,2019-04-01,0.0010148500314507611
313,2019-04-02,0.005129571791883408
314,2019-04-03,0.0013046666259868705
315,2019-04-04,0.001206976345459148
316,2019-04-05,0.0006397492888121504
317,2019-04-08,0.000679956361640581
318,2019-04-09,0.0006748869703633003
319,2019-04-10,0.0008222807019928305
320,2019-04-11,0.0010862182931789053
321,2019-04-12,0.000663176864086299
322,2019-04-15,0.0007322234222890557
323,2019-04-16,0.000626005009815966
324,2019-04-17,0.00284374339951965
325,2019-04-18,0.0025229753250500565
326,2019-04-22,0.0007694114071349704
327,2019-04-23,0.0006439757246434168
328,2019-04-24,0.0002650615436102832
329,2019-04-25,0.0002618220957032935
330,2019-04-26,0.00020053520314197617
331,2019-04-29,0.0008190733521099211
332,2019-04-30,0.0008216038252498644
333,2019-05-01,0.0011693975598848496
334,2019-05-02,0.0012196834698990483
335,2019-05-03,0.0009110405546126846
336,2019-05-06,0.0010988896696119475
337,2019-05-07,0.0018454633416583593
338,2019-05-08,0.0005140698354369694
339,2019-05-09,0.0004680158794785798
340,2019-05-10,0.0012778536495843616
341,2019-05-13,0.0020430755360202235
342,2019-05-14,0.002072934303466174
343,2019-05-15,0.0016436196234707108
344,2019-05-16,0.0016044700811068049
345,2019-05-17,0.0014000586971251385
346,2019-05-20,0.0016584976228224968
347,2019-05-21,0.0015155685124854594
348,2019-05-22,0.07719390420253953
349,2019-05-23,0.07032348741032676
350,2019-05-24,0.007257349917523836
351,2019-05-28,0.006619878677553372
352,2019-05-29,0.09087108894700163
353,2019-05-30,0.09135222291479185
354,2019-05-31,0.005128011904367915
355,2019-06-03,0.007763571131793914
356,2019-06-04,0.011249941053180487
357,2019-06-05,0.013343150500570191
358,2019-06-06,0.014883238538292534
359,2019-06-07,0.0158620136751425
360,2019-06-10,0.0014355134391749844
361,2019-06-11,0.006500887859637221
362,2019-06-12,0.01814952997894557
363,2019-06-13,0.01903879117711586
364,2019-06-14,0.006704287504469429
365,2019-06-17,0.007035132320428586
366,2019-06-18,0.008831317783453562
367,2019-06-19,0.12633401302590788
368,2019-06-20,0.13417460126378822
369,2019-06-21,0.0037493344500424694
370,2019-06-24,0.0018438018382141903
371,2019-06-25,0.002013889372918056
372,2019-06-26,0.00042043203196351147
373,2019-06-27,0.00042279177683128923
374,2019-06-28,0.0016738814821046987
375,2019-07-01,0.0011362543011750458
376,2019-07-02,0.000891176851411999
377,2019-07-03,0.0012801446471598095
378,2019-07-05,0.000651230661679433
379,2019-07-08,0.001126487925864802
380,2019-07-09,0.0014384162697633842
381,2019-07-10,0.0015927692815828813
382,2019-07-11,0.0014554076095205537
383,2019-07-12,0.0006169410321235321
384,2019-07-15,0.0011364434763601564
385,2019-07-16,0.0012111521151769796
386,2019-07-17,0.003631060239981154
387,2019-07-18,0.0025471114821865497
388,2019-07-19,0.0010714043611440012
389,2019-07-22,0.0013347250274998084
390,2019-07-23,0.0011816603927288169
391,2019-07-24,0.0012844576363383602
392,2019-07-25,0.0011599667833055536
393,2019-07-26,0.0007591332253599653
394,2019-07-29,0.0012503783209114564
395,2019-07-30,0.001345222152231718
396,2019-07-31,0.0003688885545059421
397,2019-08-01,0.00040795716593500263
398,2019-08-02,0.000367153162488444
399,2019-08-05,0.0029813238611827173
400,2019-08-06,0.0028768013232585454
401,2019-08-07,0.0026590812755436133
402,2019-08-08,0.0018987465607120913
403,2019-08-09,0.002052190012535722
404,2019-08-12,0.0031573492698453586
405,2019-08-13,0.002255974017961722
406,2019-08-14,0.0035845724596361823
407,2019-08-15,0.00327771048920128
408,2019-08-16,0.002712482390966828
409,2019-08-19,0.0025113332250072135
410,2019-08-20,0.002508608241733945
411,2019-08-21,0.09231283039808368
412,2019-08-22,0.0922433258123188
413,2019-08-23,0.001558142772242225
414,2019-08-26,0.007442961730556125
415,2019-08-27,0.007795556323199821
416,2019-08-28,0.010790265787111055
417,2019-08-29,0.013021257116336152
418,2019-08-30,0.09239826373807325
419,2019-09-03,0.002625760677060331
420,2019-09-04,0.011346987169752723
421,2019-09-05,0.013784569627673241
422,2019-09-06,0.0062527491416193145
423,2019-09-09,0.006689251994486663
424,2019-09-10,0.006445827263005487
425,2019-09-11,0.012671983968688662
426,2019-09-12,0.013545876304637399
427,2019-09-13,0.009051567019594562
428,2019-09-16,0.00894471045525728
429,2019-09-17,0.009288625928967138
430,2019-09-18,0.16945253818499065
431,2019-09-19,0.16941753996927755
432,2019-09-20,0.006792785074141064
433,2019-09-23,0.001648982691581985
434,2019-09-24,0.0018393819169143014
435,2019-09-25,0.002001365931120318
436,2019-09-26,0.0018785276876656415
437,2019-09-27,0.001963293919109137
438,2019-09-30,0.002162327055715111
439,2019-10-01,0.0022574241861591147
440,2019-10-02,0.0005163854549679916
441,2019-10-03,0.0025509051391086573
442,2019-10-04,0.002439486014721567
443,2019-10-07,0.0027401145205125195
444,2019-10-08,0.002999740438436921
445,2019-10-09,0.0005106429937215108
446,2019-10-10,0.0004401276925200661
447,2019-10-11,0.002259158707911202
448,2019-10-14,0.001773802664209037
449,2019-10-15,0.0015946991924804849
450,2019-10-16,0.0024420242554895216
451,2019-10-17,0.002159460816708342
452,2019-10-18,0.001795613904824915
453,2019-10-21,0.0015299900755798737
454,2019-10-22,0.0015479406585541355
455,2019-10-23,0.0017203519894457254
456,2019-10-24,0.001733703964915795
457,2019-10-25,0.001436414704936946
458,2019-10-28,0.0015070216771036894
459,2019-10-29,0.0013999767057922285
460,2019-10-30,0.001361817032120366
461,2019-10-31,0.0012596787725164737
462,2019-11-01,0.0011360084737144767
463,2019-11-04,0.001252664302925669
464,2019-11-05,0.0012337449485460283
465,2019-11-06,0.0014145454367773555
466,2019-11-07,0.0013207236029963393
467,2019-11-08,0.0011700987045039006
468,2019-11-11,0.0012519466639713147
469,2019-11-12,0.0011722398242556833
470,2019-11-13,0.001598295039357864
471,2019-11-14,0.0014202951284480129
472,2019-11-15,0.001163107893906166
473,2019-11-18,0.0012101097389171209
474,2019-11-19,0.0012673166075341613
475,2019-11-20,0.13612429555133582
476,2019-11-21,0.13507553436226383
477,2019-11-22,0.007179256324046227
478,2019-11-25,0.030864611412697578
479,2019-11-26,0.002484708738871024
480,2019-11-27,0.002708913673780481
481,2019-11-29,0.005928489696589941
482,2019-12-02,0.12015325644994654
483,2019-12-03,0.0013938370082322322
484,2019-12-04,0.006254246897792217
485,2019-12-05,0.0063411184939497775
486,2019-12-06,0.0079325176226526
487,2019-12-09,0.0059971013084958325
488,2019-12-10,0.006283632970612746
489,2019-12-11,0.009795384489434913
490,2019-12-12,0.011231882589000399
491,2019-12-13,0.007815158220158658
492,2019-12-16,0.007143398822696405
493,2019-12-17,0.0071376148539471695
494,2019-12-18,0.3255179767204191
495,2019-12-19,0.3297259163519611
496,2019-12-20,0.33411540142138085
497,2019-12-23,0.0011411691683003307
498,2019-12-24,0.0011035869393483048
499,2019-12-26,0.0008503109146606264
500,2019-12-27,0.0013023680348578667
501,2019-12-30,0.0010201457656825925
502,2019-12-31,0.001238505431150298
503,2020-01-02,0.0008502614034547176
504,2020-01-03,0.001364728550625656
505,2020-01-06,0.0013070629373491446
506,2020-01-07,0.001372033498421224
507,2020-01-08,0.0014903963199420108
508,2020-01-09,0.0012534785173397946
509,2020-01-10,0.0013324916409100354
510,2020-01-13,0.0011888273003847556
511,2020-01-14,0.0012509723843217864
512,2020-01-15,0.0013960910729189232
513,2020-01-16,0.0013422249048746886
514,2020-01-17,0.0013184162618020514
515,2020-01-21,0.0011677713601065444
516,2020-01-22,0.0030253791137509448
517,2020-01-23,0.002488137955406817
518,2020-01-24,0.0015664142039811984
519,2020-01-27,0.0021326640176714457
520,2020-01-28,0.002221383518945041
521,2020-01-29,0.00044140378422499504
522,2020-01-30,0.0003979511084441262
523,2020-01-31,0.002628572815656796
524,2020-02-03,0.0024080251310520952
525,2020-02-04,0.0020904816572893223
526,2020-02-05,0.0018897339827402813
527,2020-02-06,0.001977831342610514
528,2020-02-07,0.0019147847084817467
529,2020-02-10,0.001654968477169098
530,2020-02-11,0.001654041697032869
531,2020-02-12,0.0017399947722866913
532,2020-02-13,0.0016542527404040377
533,2020-02-14,0.001529956673351347
534,2020-02-18,0.0015978208322707606
535,2020-02-19,0.11923282749221725
536,2020-02-20,0.11629169851538647
537,2020-02-21,0.007271895339796043
538,2020-02-24,0.004869166443632709
539,2020-02-25,0.007255425390511155
540,2020-02-26,0.016400588074291213
541,2020-02-27,0.010479253943176944
542,2020-02-28,0.011371688442599984
543,2020-03-02,0.009824339119543684
544,2020-03-03,0.009176745965372842
545,2020-03-04,0.02842127714254129
546,2020-03-05,0.021413248614444894
547,2020-03-06,0.012418854441208323
548,2020-03-09,0.008385852123652024
549,2020-03-10,0.028775332247155592
550,2020-03-11,0.01971857909920768
551,2020-03-12,0.014474115810022524
552,2020-03-13,0.024531080219854912
553,2020-03-16,0.01249971126188542
554,2020-03-17,0.01628368513361338
555,2020-03-18,0.2885083784276319
556,2020-03-19,0.29819747611741565
557,2020-03-20,0.019791869725711266
558,2020-03-23,0.01753763269794337
559,2020-03-24,0.02132633289016242
560,2020-03-25,0.026176329545986435
561,2020-03-26,0.02460500403894219
562,2020-03-27,0.015818966512925116
563,2020-03-30,0.012034403529992858
564,2020-03-31,0.011235507107998316
565,2020-04-01,0.02065766161511475
566,2020-04-02,0.017059985473277726
567,2020-04-03,0.011046637222104527
568,2020-04-06,0.012174706246761154
569,2020-04-07,0.013398866491056864
570,2020-04-08,0.012615048700886375
571,2020-04-09,0.01188096963389672
572,2020-04-13,0.007462325962692382
573,2020-04-14,0.007988700308230835
574,2020-04-15,0.013293346057709092
575,2020-04-16,0.01570852174991565
576,2020-04-17,0.008480718141486697
577,2020-04-20,0.009045041453177948
578,2020-04-21,0.009548467847276232
579,2020-04-22,0.011960613369648954
580,2020-04-23,0.011293369759113004
581,2020-04-24,0.008053282685300313
582,2020-04-27,0.006238485117319999
583,2020-04-28,0.006216246532520929
584,2020-04-29,0.006473513062884865
585,2020-04-30,0.007852851832921273
586,2020-05-01,0.005956609789498649
587,2020-05-04,0.006608035132126272
588,2020-05-05,0.00639505110467345
589,2020-05-06,0.006955173399731292
590,2020-05-07,0.005828368125046773
591,2020-05-08,0.004856247426465074
592,2020-05-11,0.004620344294418417
593,2020-05-12,0.005554405380905523
594,2020-05-13,0.007231952736821642
595,2020-05-14,0.005838061678792914
596,2020-05-15,0.005923322225444067
597,2020-05-18,0.0057163727561237165
598,2020-05-19,0.0063123006363899154
599,2020-05-20,0.18532048240380442
600,2020-05-21,0.1783287470061389
601,2020-05-22,0.01685661846227416
602,2020-05-26,0.01559249138808462
603,2020-05-27,0.04476352425093922
604,2020-05-28,0.044618937195616874
605,2020-05-29,0.013196079401956945
606,2020-06-01,0.012418359629183928
607,2020-06-02,0.025164096405772503
608,2020-06-03,0.02918796925775781
609,2020-06-04,0.027895637398413293
610,2020-06-05,0.021830391027699073
611,2020-06-08,0.015192719021621885
612,2020-06-09,0.014271471319217865
613,2020-06-10,0.028674946838454538
614,2020-06-11,0.0161663465236223
615,2020-06-12,0.008036793792053347
616,2020-06-15,0.012365716648660525
617,2020-06-16,0.022253172060275807
618,2020-06-17,0.24756181067845207
619,2020-06-18,0.2456582069303124
620,2020-06-19,0.016954143205601784
621,2020-06-22,0.005214296483963784
622,2020-06-23,0.005476624346588796
623,2020-06-24,0.006613626190959966
624,2020-06-25,0.005674918403453139
625,2020-06-26,0.0054986707466988865
626,2020-06-29,0.0049184306357346035
627,2020-06-30,0.00508036284428961
628,2020-07-01,0.0050946184270645525
629,2020-07-02,0.004343414022892746
630,2020-07-06,0.0036445803125297674
631,2020-07-07,0.004117357406246864
632,2020-07-08,0.004969145863335529
633,2020-07-09,0.005259352710033869
634,2020-07-10,0.004777954767989602
635,2020-07-13,0.004942552901048584
636,2020-07-14,0.005117799247708286
637,2020-07-15,0.0051291687417163515
638,2020-07-16,0.004784893013164277
639,2020-07-17,0.0039843271830049464
640,2020-07-20,0.003591910965146227
641,2020-07-21,0.0034440163212931924
642,2020-07-22,0.004663099036465725
643,2020-07-23,0.004225803979349304
644,2020-07-24,0.0037643432895623752
645,2020-07-27,0.0034563090841518607
646,2020-07-28,0.003506778738679398
647,2020-07-29,0.003527597662476696
648,2020-07-30,0.003942440069096716
649,2020-07-31,0.0032027449120254152
650,2020-08-03,0.0034258412138255517
651,2020-08-04,0.0029877340750864125
652,2020-08-05,0.0035681196863954078
653,2020-08-06,0.002901004367307245
654,2020-08-07,0.002850337921099409
655,2020-08-10,0.0023470176428604882
656,2020-08-11,0.0028860745485519454
657,2020-08-12,0.0032463331109529826
658,2020-08-13,0.003104645261436973
659,2020-08-14,0.0025445428784688817
660,2020-08-17,0.0026362422580785494
661,2020-08-18,0.00243953977447456
662,2020-08-19,0.33116828634567885
663,2020-08-20,0.3354913918820817
664,2020-08-21,0.01171962986180543
665,2020-08-24,0.3506531363659224
666,2020-08-25,0.39079046029975556
667,2020-08-26,0.02689925822137495
668,2020-08-27,0.02781326104715453
669,2020-08-28,0.5288083179190156
670,2020-08-31,0.38908289367092047
671,2020-09-01,0.3927546555349115
672,2020-09-02,0.03320982498100216
673,2020-09-03,0.02326201325926249
674,2020-09-04,0.503096112604195
675,2020-09-08,0.5559370238989425
676,2020-09-09,0.003911427177494834
677,2020-09-10,0.0031224826745034425
678,2020-09-11,0.5567338364230375
679,2020-09-14,0.5734206716339395
680,2020-09-15,0.5788408003001764
681,2020-09-16,0.33682219743001235
682,2020-09-17,0.32351463704216943
683,2020-09-18,0.3074402202927853
684,2020-09-21,0.004974896650588625
685,2020-09-22,0.005165560346130491
686,2020-09-23,0.004106292136887352
687,2020-09-24,0.004029535980815142
688,2020-09-25,0.0027206874874778665
689,2020-09-28,0.003937833742920702
690,2020-09-29,0.006942210915428051
691,2020-09-30,0.004925456478472064
692,2020-10-01,0.004340404025961428
693,2020-10-02,0.0017003824452247965
694,2020-10-05,0.002724715428767724
695,2020-10-06,0.002131683332699251
696,2020-10-07,0.0008330318638107019
697,2020-10-08,0.0006703783723753566
698,2020-10-09,0.002706354328413244
699,2020-10-12,0.002349412507111538
700,2020-10-13,0.002295296996341175
701,2020-10-14,0.000749346822286933
702,2020-10-15,0.0007204317528659487
703,2020-10-16,0.0015671001332700297
704,2020-10-19,0.0010380606477100275
705,2020-10-20,0.0019893775701343825
706,2020-10-21,0.007649906608945258
707,2020-10-22,0.005688063268980591
708,2020-10-23,0.0050482440712042815
709,2020-10-26,0.008504500500314564
710,2020-10-27,0.0021956735861208953
711,2020-10-28,0.003378245388995466
712,2020-10-29,0.004206720298373514
713,2020-10-30,0.00699177882811787
714,2020-11-02,0.006737081305694698
715,2020-11-03,0.006816287423882429
716,2020-11-04,0.005583075434664637
717,2020-11-05,0.0054008248729075
718,2020-11-06,0.0027195601824554767
719,2020-11-09,0.0024081088748377504
720,2020-11-10,0.0021581289357657874
721,2020-11-11,0.003991794757664561
722,2020-11-12,0.004346245939262968
723,2020-11-13,0.0018142188199738545
724,2020-11-16,0.0025060072767079007
725,2020-11-17,0.0026329793219916626
726,2020-11-18,0.4560992929501048
727,2020-11-19,0.45944931841554615
728,2020-11-20,0.008706642940139949
729,2020-11-23,0.3120722323935503
730,2020-11-24,0.010818780459257285
731,2020-11-25,0.010420559970011655
732,2020-11-27,0.001885842297839962
733,2020-11-30,0.19596210329167404
734,2020-12-01,0.43697521459974464
735,2020-12-02,0.4394796019003609
736,2020-12-03,0.43689821648692884
737,2020-12-04,0.0013978151959516945
738,2020-12-07,0.001261014659402169
739,2020-12-08,0.0013218565377195871
740,2020-12-09,0.004805799935278784
741,2020-12-10,0.00452613815133561
742,2020-12-11,0.23228098214515835
743,2020-12-14,0.31080856181843813
744,2020-12-15,0.00822667074106244
745,2020-12-16,0.5525318899000479
746,2020-12-17,0.5591040169387836
747,2020-12-18,0.5549063121924764
748,2020-12-21,0.004237648298906273
749,2020-12-22,0.004715219073650326
750,2020-12-23,0.0034831057863081265
751,2020-12-24,0.0026805248431567615
752,2020-12-28,0.004454834593976676
753,2020-12-29,0.003599667546862871
754,2020-12-30,0.0032245409623253844
755,2020-12-31,0.0033108735517496674
756,2021-01-04,0.005821091666549986
757,2021-01-05,0.004960078555056625
758,2021-01-06,0.0029110749034683935
759,2021-01-07,0.002574673940445305
760,2021-01-08,0.0021376568209122895
761,2021-01-11,0.004303767343263023
762,2021-01-12,0.007034999976341598
763,2021-01-13,0.0032092345301350904
764,2021-01-14,0.003234560268870712
765,2021-01-15,0.003136207840285393
766,2021-01-19,0.004379100857455423
767,2021-01-20,0.004363376874476828
768,2021-01-21,0.0037353832335720524
769,2021-01-22,0.005653351002474957
770,2021-01-25,0.004432645213968629
771,2021-01-26,0.004010494633512816
772,2021-01-27,0.0033367576499475663
773,2021-01-28,0.003160975894551268
774,2021-01-29,0.005134310020880751
775,2021-02-01,0.004413669759596151
776,2021-02-02,0.0037027310834413262
777,2021-02-03,0.003214427090281619
778,2021-02-04,0.0019881969427947297
779,2021-02-05,0.0020319150258887473
780,2021-02-08,0.0017496805796744415
781,2021-02-09,0.003071307158347571
782,2021-02-10,0.00048020476532672796
783,2021-02-11,0.00045558314918236944
784,2021-02-12,0.0035621086386809593
785,2021-02-16,0.0047176041687830945
786,2021-02-17,0.49351390739844736
787,2021-02-18,0.48940474142462065
788,2021-02-19,0.2523688403154579
789,2021-02-22,0.24598560151551288
790,2021-02-23,0.34066617080498635
791,2021-02-24,0.01448738737456684
792,2021-02-25,0.011085834102060753
793,2021-02-26,0.4095359095690061
794,2021-03-01,0.3684715813243201
795,2021-03-02,0.012043761345488362
796,2021-03-03,0.009925254796314393
797,2021-03-04,0.007876883152645732
798,2021-03-05,0.47156711421286346
799,2021-03-08,0.5372235365342696
800,2021-03-09,0.5478081068004804
801,2021-03-10,0.5531282554966489
802,2021-03-11,0.001340722412229882
803,2021-03-12,0.4650774697862008
804,2021-03-15,0.38546362471454376
805,2021-03-16,0.3849569475277828
806,2021-03-17,0.171545741035833
807,2021-03-18,0.15911494104621518
808,2021-03-19,0.11269317064523823
809,2021-03-22,0.0027283624351652647
810,2021-03-23,0.0030066159721603668
811,2021-03-24,0.004977891952523074
812,2021-03-25,0.001900268960068261
813,2021-03-26,0.001283399353508473
814,2021-03-29,0.0029727395905803137
815,2021-03-30,-0.0013919022180224508
816,2021-03-31,0.0051910112436144955
817,2021-04-01,0.0022376369085958373
818,2021-04-05,0.0022603164733109842
819,2021-04-06,0.0014111346167107342
820,2021-04-07,0.0019567272997078815
821,2021-04-08,0.0009349192489236386
822,2021-04-09,0.001831380981432771
823,2021-04-12,0.0018216832907127258
824,2021-04-13,0.0017707397257759121
825,2021-04-14,0.0017717225364800241
826,2021-04-15,0.0015909776559906482
827,2021-04-16,0.001196293515940753
828,2021-04-19,0.0013504232468846402
829,2021-04-20,0.0014482214193953507
830,2021-04-21,0.002309119285391454
831,2021-04-22,0.0030577011631357865
832,2021-04-23,0.0014177124580484804
833,2021-04-26,0.002066546792394546
834,2021-04-27,0.0027780993103910722
835,2021-04-28,0.0019363464047082485
836,2021-04-29,0.001848225042794641
837,2021-04-30,0.0018501701194699736
838,2021-05-03,0.001332538850485946
839,2021-05-04,0.0013408037742117058
840,2021-05-05,0.002095961852300851
841,2021-05-06,0.0018460264670348528
842,2021-05-07,0.0025986709729398294
843,2021-05-10,0.002907558083778201
844,2021-05-11,0.0035840008652133423
845,2021-05-12,0.003517793074929268
846,2021-05-13,0.002994189240022276
847,2021-05-14,0.003421189202043055
848,2021-05-17,0.003383750277012776
849,2021-05-18,0.005280420506125797
850,2021-05-19,0.21842415827939224
851,2021-05-20,0.22793378493371494
852,2021-05-21,0.01339700074589075
853,2021-05-24,0.014542506776526727
854,2021-05-25,0.01412501008665507
855,2021-05-26,0.01917618142358668
856,2021-05-27,0.01967094495600871
857,2021-05-28,0.0033547090295159682
858,2021-06-01,0.30750874176426457
859,2021-06-02,0.019989512862830423
860,2021-06-03,0.019131532392172544
861,2021-06-04,0.021257705680396755
862,2021-06-07,0.2714255856017567
863,2021-06-08,0.271647104686219
864,2021-06-09,0.01386152174588293
865,2021-06-10,0.014474933319057085
866,2021-06-11,0.46758327952974854
867,2021-06-14,0.0017305834902009507
868,2021-06-15,0.0016592957688450949
869,2021-06-16,0.1325439870725716
870,2021-06-17,0.13222557165792154
871,2021-06-18,0.4813874351988716
872,2021-06-21,0.003130414730134014
873,2021-06-22,0.0018741401841222537
874,2021-06-23,0.0017689875577269866
875,2021-06-24,0.0015208854114703253
876,2021-06-25,0.00022006845504536334
877,2021-06-28,0.0014817044587780324
878,2021-06-29,0.0008319792938605325
879,2021-06-30,0.0018596395026843806
880,2021-07-01,0.0014242910800254872
881,2021-07-02,0.0011052066416103843
882,2021-07-06,0.0010975753936178956
883,2021-07-07,0.0015418281622534777
884,2021-07-08,0.0018266338612361781
885,2021-07-09,0.0010590890357877409
886,2021-07-12,0.0016109234906978877
887,2021-07-13,0.0015849418429139492
888,2021-07-14,0.001771984619207947
889,2021-07-15,0.0017752162262620564
890,2021-07-16,0.001613869073303544
891,2021-07-19,0.0018703430028683932
892,2021-07-20,0.001646261598261193
893,2021-07-21,0.0021427858168900403
894,2021-07-22,0.0020993676043146907
895,2021-07-23,0.0010594229946940103
896,2021-07-26,0.0002911711074990189
897,2021-07-27,0.0005779887523112858
898,2021-07-28,0.0021878049029456035
899,2021-07-29,0.0019402719216476975
900,2021-07-30,0.002230663039337542
901,2021-08-02,0.0021708065041011245
902,2021-08-03,0.001750057307329584
903,2021-08-04,0.002242062577463001
904,2021-08-05,0.0017849048282806655
905,2021-08-06,0.0016183739766153862
906,2021-08-09,0.001174698115291979
907,2021-08-10,0.0013052850524565276
908,2021-08-11,0.001616794880099729
909,2021-08-12,0.001502946271194573
910,2021-08-13,0.0012741937842757282
911,2021-08-16,0.0011572338442007316
912,2021-08-17,0.0013612853919071795
913,2021-08-18,0.175348802000621
914,2021-08-19,0.17580818855109764
915,2021-08-20,0.0008777512811381881
916,2021-08-23,0.10431455431716963
917,2021-08-24,0.1859168968358878
918,2021-08-25,0.1576046958832667
919,2021-08-26,0.15259409048153463
920,2021-08-27,0.40359184217427224
921,2021-08-30,0.4322382489983535
922,2021-08-31,0.18123243372927328
923,2021-09-01,0.0184794270017698
924,2021-09-02,0.01937460140236715
925,2021-09-03,0.24621607242913457
926,2021-09-07,0.013457945900273594
927,2021-09-08,0.01818236084618597
928,2021-09-09,0.017249121109529218
929,2021-09-10,0.0009180985153143401
930,2021-09-13,0.0015585941059781286
931,2021-09-14,0.00270819883596765
932,2021-09-15,0.043532554839114564
933,2021-09-16,0.04291854477770024
934,2021-09-17,0.009409378765615465
935,2021-09-20,0.0016952416893011783
936,2021-09-21,0.0029223176264443883
937,2021-09-22,0.0027210299267399715
938,2021-09-23,0.0021837120828788734
939,2021-09-24,0.0020947806350348304
940,2021-09-27,0.001481881940903966
941,2021-09-28,0.0029112303580183956
942,2021-09-29,0.0032438641812578195
943,2021-09-30,0.0037694707144545325
944,2021-10-01,0.0018760704814800976
945,2021-10-04,0.0022800954922892907
946,2021-10-05,0.002418663494139906
947,2021-10-06,0.003086469499201597
948,2021-10-07,0.0023528018808898783
949,2021-10-08,0.0017826949867164286
950,2021-10-11,0.0014112089214760272
951,2021-10-12,0.0015450062109395879
952,2021-10-13,0.002240204140174555
953,2021-10-14,0.001760194227280014
954,2021-10-15,0.0018166703594512071
955,2021-10-18,0.0017974725845957024
956,2021-10-19,0.001462784856588913
957,2021-10-20,0.0014826610125891152
958,2021-10-21,0.001910716698662012
959,2021-10-22,0.0016563904842865143
960,2021-10-25,0.0011968947012655894
961,2021-10-26,0.0017771690302932134
962,2021-10-27,0.0021145186482442553
963,2021-10-28,0.0016235626981823258
964,2021-10-29,0.001381066418512913
965,2021-11-01,0.0011826696812761827
966,2021-11-02,0.0014726510384202812
967,2021-11-03,0.0016052645395132124
968,2021-11-04,0.0012405017338607605
969,2021-11-05,0.00121188929672835
970,2021-11-08,0.001581800237975077
971,2021-11-09,0.0015944286275967592
972,2021-11-10,0.0024107479401895924
973,2021-11-11,0.002037622121481093
974,2021-11-12,0.001039134140704664
975,2021-11-15,0.000968672368468164
976,2021-11-16,0.0011795148350193642
977,2021-11-17,0.33192104612833806
978,2021-11-18,0.33496851872769806
979,2021-11-19,0.0033691073370834836
980,2021-11-22,0.11603294008033041
981,2021-11-23,0.019113093748568684
982,2021-11-24,0.019654204216388176
983,2021-11-26,0.004799154498632108
984,2021-11-29,0.24520255326701298
985,2021-11-30,0.22669492624365084
986,2021-12-01,0.1170118565425363
987,2021-12-02,0.12420572855049605
988,2021-12-03,0.007413099434153295
989,2021-12-06,0.003183041733070344
990,2021-12-07,0.004637174127859736
991,2021-12-08,0.029119375943311522
992,2021-12-09,0.027123432141855586
993,2021-12-10,0.001000957704767368
994,2021-12-13,0.0536331061666426
995,2021-12-14,0.04972367181298261
996,2021-12-15,0.029443065458279873
997,2021-12-16,0.02698789695301264
998,2021-12-17,0.023977109597644344
999,2021-12-20,0.004664060329867122
1000,2021-12-21,0.0013169976221637145
1001,2021-12-22,0.003161873153216671
1002,2021-12-23,0.003963318726981654
1003,2021-12-27,0.0017659683423409001
1004,2021-12-28,0.0016290285038714734
1005,2021-12-29,0.0023692935904559157
1006,2021-12-30,0.0020199627502984767
1007,2021-12-31,0.002453407121331617
1008,2022-01-03,0.0013335408690014609
1009,2022-01-04,0.0008538519240213382
1010,2022-01-05,0.0030531656860737005
1011,2022-01-06,0.0026864383422218687
1012,2022-01-07,0.001504580591095149
1013,2022-01-10,0.0007662060663989988
1014,2022-01-11,0.0008688780330791603
1015,2022-01-12,0.0018641713660337313
1016,2022-01-13,0.0019932737114443455
1017,2022-01-14,0.0016270886800002187
1018,2022-01-18,0.0023290861426415537
1019,2022-01-19,0.004491873174734026
1020,2022-01-20,0.004486113616882566
1021,2022-01-21,0.007982724570006663
1022,2022-01-24,0.006028518008295628
1023,2022-01-25,0.006748936381833045
1024,2022-01-26,0.0016310496369753868
1025,2022-01-27,0.0028606184804178332
1026,2022-01-28,0.003054976054932896
1027,2022-01-31,0.0030377432773633765
1028,2022-02-01,0.0026505853524873184
1029,2022-02-02,0.0026594761422342092
1030,2022-02-03,0.003383249164404147
1031,2022-02-04,0.003686124858070996
1032,2022-02-07,0.0022244134924255714
1033,2022-02-08,0.0020574621195098165
1034,2022-02-09,0.002322121289412014
1035,2022-02-10,0.0032115680372656846
1036,2022-02-11,0.0026753320597170203
1037,2022-02-14,0.0026610558580537442
1038,2022-02-15,0.0024400567879405742
1039,2022-02-16,0.10831105015847359
1040,2022-02-17,0.09465071268118438
1041,2022-02-18,0.0016246035961386786
1042,2022-02-22,0.0024670005807950037
1043,2022-02-23,0.0026167231145502482
1044,2022-02-24,0.004654850092898212
1045,2022-02-25,0.0036065988553744695
1046,2022-02-28,0.0036789665868943054
1047,2022-03-01,0.04254860892397722
1048,2022-03-02,0.007733183179341292
1049,2022-03-03,0.006911882557795651
1050,2022-03-04,0.20537763948403284
1051,2022-03-07,0.17972097883911686
1052,2022-03-08,0.1708948480501673
1053,2022-03-09,0.004917121942590761
1054,2022-03-10,0.004387311044268135
1055,2022-03-11,0.015433961458679174
1056,2022-03-14,0.002312315882170307
1057,2022-03-15,0.018198102196466327
1058,2022-03-16,0.02259049129193817
1059,2022-03-17,0.025514518252142394
1060,2022-03-18,0.010396739850695783
1061,2022-03-21,0.002593755335032417
1062,2022-03-22,0.0021837700054067252
1063,2022-03-23,0.0031270898957501316
1064,2022-03-24,0.002580668200305564
1065,2022-03-25,0.001869816604863738
1066,2022-03-28,0.0022056398323147736
1067,2022-03-29,0.0020946503753614333
1068,2022-03-30,0.002272666141703693
1069,2022-03-31,0.0030434571605573034
1070,2022-04-01,0.0016109144619904899
1071,2022-04-04,0.001786969328876377
1072,2022-04-05,0.0020475348349448014
1073,2022-04-06,0.0029568165554296174
1074,2022-04-07,0.0027117115728433217
1075,2022-04-08,0.00047360736217403704
1076,2022-04-11,0.002792986874901146
1077,2022-04-12,0.003562739777836108
1078,2022-04-13,0.002736077359058575
1079,2022-04-14,0.0027823880491452827
1080,2022-04-18,0.002320132683224508
1081,2022-04-19,0.0022478463791035293
1082,2022-04-20,0.0032681618521818038
1083,2022-04-21,0.0037472457880541317
1084,2022-04-22,0.001374501350436074
1085,2022-04-25,0.0009387239370450685
1086,2022-04-26,0.0016762050996102212
1087,2022-04-27,0.0027602272384842984
1088,2022-04-28,0.0037613741652877857
1089,2022-04-29,0.003355941138538717
1090,2022-05-02,0.008016667831048981
1091,2022-05-03,0.007226205772094461
1092,2022-05-04,0.003454263453315628
1093,2022-05-05,0.0034427084329284575
1094,2022-05-06,0.0052057197269274125
1095,2022-05-09,0.002575882505640594
1096,2022-05-10,0.0010944406881271437
1097,2022-05-11,0.0014102154327372712
1098,2022-05-12,0.004341885032913759
1099,2022-05-13,0.005871002668970994
1100,2022-05-16,0.005336439454139615
1101,2022-05-17,0.004608485328066421
1102,2022-05-18,0.009410068011882185
1103,2022-05-19,0.008150139287710807
1104,2022-05-20,0.00848815119367507
1105,2022-05-23,0.005653890749307204
1106,2022-05-24,0.00490198405785513
1107,2022-05-25,0.007785950708661849
1108,2022-05-26,0.009050349019534845
1109,2022-05-27,0.017510131778830776
1110,2022-05-31,0.010187118639310676
1111,2022-06-01,0.01072438124398179
1112,2022-06-02,0.013654647320299406
1113,2022-06-03,0.01045006444573071
1114,2022-06-06,0.008254122379978863
1115,2022-06-07,0.017434387444006827
1116,2022-06-08,0.010535379385439138
1117,2022-06-09,0.007261417112186022
1118,2022-06-10,0.001995353854077408
1119,2022-06-13,0.0009741529869574456
1120,2022-06-14,0.000841054800950564
1121,2022-06-15,0.0038198372816765592
1122,2022-06-16,0.002847624484107186
1123,2022-06-17,0.0028438336887215516
1124,2022-06-21,0.0028852473789238247
1125,2022-06-22,0.0042440942085419705
1126,2022-06-23,0.0042442863340566225
1127,2022-06-24,0.00466213099396695
1128,2022-06-27,0.00559877699255705
1129,2022-06-28,0.005106093414105295
1130,2022-06-29,0.0047569339545203955
1131,2022-06-30,0.004079953902827391
1132,2022-07-01,0.00465755933739366
1133,2022-07-05,0.005073831441727729
1134,2022-07-06,0.004033632774967092
1135,2022-07-07,0.003865868858438823
1136,2022-07-08,0.0046381554077754164
1137,2022-07-11,0.0008662342263861827
1138,2022-07-12,0.004735108830394367
1139,2022-07-13,0.003757861625301607
1140,2022-07-14,0.0035089815777333377
1141,2022-07-15,0.0035590519574155433
1142,2022-07-18,0.003034574234079186
1143,2022-07-19,0.0033157847200611505
1144,2022-07-20,0.004646516068235791
1145,2022-07-21,0.004120251807295926
1146,2022-07-22,0.0007508894445303251
1147,2022-07-25,0.0028657076932997526
1148,2022-07-26,0.0029113629731284682
1149,2022-07-27,0.00389765487194183
1150,2022-07-28,0.0032119384895991747
1151,2022-07-29,0.002801151030804118
1152,2022-08-01,0.002982262171288548
1153,2022-08-02,0.0030882605397869866
1154,2022-08-03,0.00315957213943426
1155,2022-08-04,0.0027923028292704153
1156,2022-08-05,0.002513347660736514
1157,2022-08-08,0.003453058160273835
1158,2022-08-09,0.003233447376671966
1159,2022-08-10,0.0023857799317770563
1160,2022-08-11,0.0022718507475666012
1161,2022-08-12,0.0018932625021638118
1162,2022-08-15,0.003008018175218923
1163,2022-08-16,0.003017474146695459
1164,2022-08-17,0.14234663954238672
1165,2022-08-18,0.14391687455403981
1166,2022-08-19,0.009763296607522226
1167,2022-08-22,0.0011523180542004528
1168,2022-08-23,0.00126408687425628
1169,2022-08-24,0.014595821561222955
1170,2022-08-25,0.017380900372663464
1171,2022-08-26,0.012592466694917207
1172,2022-08-29,0.0037509657973909152
1173,2022-08-30,0.002744073136687347
1174,2022-08-31,0.08750420435898378
1175,2022-09-01,0.08795506102899724
1176,2022-09-02,0.0016762006359469271
1177,2022-09-06,0.0009748703180337932
1178,2022-09-07,0.00487540168120688
1179,2022-09-08,0.00525231877820265
1180,2022-09-09,0.015923908557787317
1181,2022-09-12,0.012421797199169384
1182,2022-09-13,0.007399898375618158
1183,2022-09-14,0.00434587352608485
1184,2022-09-15,0.003836646476774298
1185,2022-09-16,0.01263160783185681
1186,2022-09-19,0.005001264939110561
1187,2022-09-20,0.005168159882008973
1188,2022-09-21,0.006720098144586123
1189,2022-09-22,0.00623897547232136
1190,2022-09-23,0.0019639644913308674
1191,2022-09-26,0.0017943187817508715
1192,2022-09-27,0.002169249680088071
1193,2022-09-28,0.002378216840336464
1194,2022-09-29,0.003886053639588437
1195,2022-09-30,0.003774656824035002
1196,2022-10-03,0.004232858416768577
1197,2022-10-04,0.00412242875392229
1198,2022-10-05,0.004476845173702557
1199,2022-10-06,0.004597870797917827
1200,2022-10-07,0.004178925468254431
1201,2022-10-10,0.004232338396255564
1202,2022-10-11,0.004029731222972254
1203,2022-10-12,0.0037266141286041764
1204,2022-10-13,0.0057918057824717425
1205,2022-10-14,0.002380517258354668
1206,2022-10-17,0.00860840767502131
1207,2022-10-18,0.0011812232654108761
1208,2022-10-19,0.004391201037249879
1209,2022-10-20,0.0038572974479618247
1210,2022-10-21,0.0042241696184721275
1211,2022-10-24,0.005913952681542896
1212,2022-10-25,0.005699016511039286
1213,2022-10-26,0.004947702111689157
1214,2022-10-27,0.004511298093476496
1215,2022-10-28,0.003428319358228407
1216,2022-10-31,0.0006969092959843587
1217,2022-11-01,0.004210358361409687
1218,2022-11-02,0.004899836187453705
1219,2022-11-03,0.004269392814593271
1220,2022-11-04,0.003334829082503475
1221,2022-11-07,0.0028587152864730414
1222,2022-11-08,0.0030149476528265984
1223,2022-11-09,0.00459241519716666
1224,2022-11-10,0.003461502611748097
1225,2022-11-11,0.002375082498524243
1226,2022-11-14,0.0032196362356306215
1227,2022-11-15,0.002824863492241888
1228,2022-11-16,0.06052237077809312
1229,2022-11-17,0.05800527110742902
1230,2022-11-18,0.060258512741868143
1231,2022-11-21,0.023214695763209992
1232,2022-11-22,0.026899231923591897
1233,2022-11-23,0.028385362252037725
1234,2022-11-25,0.0280628644457789
1235,2022-11-28,0.08793564252260704
1236,2022-11-29,0.08659175830749843
1237,2022-11-30,0.10492920935611642
1238,2022-12-01,0.10589079305291321
1239,2022-12-02,0.10457810272024641
1240,2022-12-05,0.007041472447619078
1241,2022-12-06,0.01116503556628977
1242,2022-12-07,0.010970097922845713
1243,2022-12-08,0.01209760955899038
1244,2022-12-09,0.010655437155438834
1245,2022-12-12,0.014634721585667193
1246,2022-12-13,0.01548285299073605
1247,2022-12-14,0.013777777797486639
1248,2022-12-15,0.009068342926111347
1249,2022-12-16,0.007328589145199816
1250,2022-12-19,0.003279975296118967
1251,2022-12-20,0.0025463161579088976
1252,2022-12-21,0.001444476327248987
1253,2022-12-22,0.002132273805174083
1254,2022-12-23,0.0017596816503811104
1255,2022-12-27,0.0032987206967852864
1256,2022-12-28,0.003170338914694107
1257,2022-12-29,0.0030367659425997676
1258,2022-12-30,0.00283535467671751
1259,2023-01-03,0.004393676312719372
1260,2023-01-04,0.0037029644399063457
1261,2023-01-05,0.003836725535799411
1262,2023-01-06,0.0030976694665086958
1263,2023-01-09,0.003753325404701396
1264,2023-01-10,0.003272557773848539
1265,2023-01-11,0.0031676037883375634
1266,2023-01-12,0.0025737650256254458
1267,2023-01-13,0.00231346695840673
1268,2023-01-17,0.0035434882534224233
1269,2023-01-18,0.003633409098078281
1270,2023-01-19,0.003735889831462153
1271,2023-01-20,0.0027520313093456184
1272,2023-01-23,0.0028894473276480127
1273,2023-01-24,0.0030602932401204482
1274,2023-01-25,0.002588108978269617
1275,2023-01-26,0.0024306353234391097
1276,2023-01-27,0.0024551744832509584
1277,2023-01-30,0.0026975334527412726
1278,2023-01-31,0.0025358198822720344
1279,2023-02-01,0.0021658669148456773
1280,2023-02-02,0.0020302564602152477
1281,2023-02-03,0.00241552189183969
1282,2023-02-06,0.0027801357429357424
1283,2023-02-07,0.0028075733652236715
1284,2023-02-08,0.002937669984874251
1285,2023-02-09,0.002931359613874428
1286,2023-02-10,0.0028954749373300815
1287,2023-02-13,0.11693053686466666
1288,2023-02-14,0.11696918091940382
1289,2023-02-15,0.11840968544900604
1290,2023-02-16,0.10886735772903666
1291,2023-02-17,0.10637806490931365
1292,2023-02-21,0.011565009274285267
1293,2023-02-22,0.011462992579647429
1294,2023-02-23,0.012373351015518893
1295,2023-02-24,0.010137960021729451
1296,2023-02-27,0.013021965356516048
1297,2023-02-28,0.012650151160761642
